Date,total_revenue,has_music,Is_Snow,Is_Sunny,Weather_Music_Category,Day_Of_Week,Month,day_Friday,day_Monday,day_Saturday,day_Sunday,day_Thursday,day_Tuesday,day_Wednesday,Music_X_Sunny,Music_X_Snow
2023-06-11,951.23,0,0,0,Other,Sunday,June,False,False,False,True,False,False,False,0,0
2023-06-12,1213.8,0,0,0,Other,Monday,June,False,True,False,False,False,False,False,0,0
2023-06-13,514.86,0,0,0,Other,Tuesday,June,False,False,False,False,False,True,False,0,0
2023-06-14,589.56,0,0,1,Sunny without Music,Wednesday,June,False,False,False,False,False,False,True,0,0
2023-06-15,1208.76,0,0,0,Other,Thursday,June,False,False,False,False,True,False,False,0,0
2023-06-16,1860.86,0,0,1,Sunny without Music,Friday,June,True,False,False,False,False,False,False,0,0
2023-06-17,6135.92,0,0,0,Other,Saturday,June,False,False,True,False,False,False,False,0,0
2023-06-18,1412.06,0,0,0,Other,Sunday,June,False,False,False,True,False,False,False,0,0
2023-06-19,2027.98,0,0,0,Other,Monday,June,False,True,False,False,False,False,False,0,0
2023-06-20,1393.6699999999998,0,0,0,Other,Tuesday,June,False,False,False,False,False,True,False,0,0
2023-06-21,384.14,0,0,1,Sunny without Music,Wednesday,June,False,False,False,False,False,False,True,0,0
2023-06-22,1782.1399999999999,0,0,1,Sunny without Music,Thursday,June,False,False,False,False,True,False,False,0,0
2023-06-23,2189.07,0,0,1,Sunny without Music,Friday,June,True,False,False,False,False,False,False,0,0
2023-06-24,3868.17,0,0,0,Other,Saturday,June,False,False,True,False,False,False,False,0,0
2023-06-25,1081.77,0,0,0,Other,Sunday,June,False,False,False,True,False,False,False,0,0
2023-06-26,1024.77,0,0,0,Other,Monday,June,False,True,False,False,False,False,False,0,0
2023-06-27,1428.24,0,0,0,Other,Tuesday,June,False,False,False,False,False,True,False,0,0
2023-06-28,3085.2799999999997,0,0,0,Other,Wednesday,June,False,False,False,False,False,False,True,0,0
2023-06-29,1189.86,0,0,0,Other,Thursday,June,False,False,False,False,True,False,False,0,0
2023-06-30,2584.33,0,0,1,Sunny without Music,Friday,June,True,False,False,False,False,False,False,0,0
2023-07-01,4565.78,0,0,0,Other,Saturday,July,False,False,True,False,False,False,False,0,0
2023-07-02,4857.7,0,0,0,Other,Sunday,July,False,False,False,True,False,False,False,0,0
2023-07-03,3437.31,0,0,0,Other,Monday,July,False,True,False,False,False,False,False,0,0
2023-07-04,2008.4099999999999,0,0,0,Other,Tuesday,July,False,False,False,False,False,True,False,0,0
2023-07-05,1150.34,0,0,0,Other,Wednesday,July,False,False,False,False,False,False,True,0,0
2023-07-06,1931.9,0,0,1,Sunny without Music,Thursday,July,False,False,False,False,True,False,False,0,0
2023-07-07,2817.25,0,0,1,Sunny without Music,Friday,July,True,False,False,False,False,False,False,0,0
2023-07-08,1917.93,0,0,0,Other,Saturday,July,False,False,True,False,False,False,False,0,0
2023-07-09,1134.51,0,0,0,Other,Sunday,July,False,False,False,True,False,False,False,0,0
2023-07-10,1296.94,0,0,0,Other,Monday,July,False,True,False,False,False,False,False,0,0
2023-07-11,3048.72,0,0,1,Sunny without Music,Tuesday,July,False,False,False,False,False,True,False,0,0
2023-07-12,1146.75,0,0,0,Other,Wednesday,July,False,False,False,False,False,False,True,0,0
2023-07-13,1633.44,0,0,0,Other,Thursday,July,False,False,False,False,True,False,False,0,0
2023-07-14,2590.06,0,0,0,Other,Friday,July,True,False,False,False,False,False,False,0,0
2023-07-15,5918.12,0,0,0,Other,Saturday,July,False,False,True,False,False,False,False,0,0
2023-07-16,1888.59,0,0,0,Other,Sunday,July,False,False,False,True,False,False,False,0,0
2023-07-17,1448.92,0,0,1,Sunny without Music,Monday,July,False,True,False,False,False,False,False,0,0
2023-07-18,930.73,0,0,0,Other,Tuesday,July,False,False,False,False,False,True,False,0,0
2023-07-19,1013.84,0,0,1,Sunny without Music,Wednesday,July,False,False,False,False,False,False,True,0,0
2023-07-20,1518.82,0,0,1,Sunny without Music,Thursday,July,False,False,False,False,True,False,False,0,0
2023-07-21,4615.73,0,0,0,Other,Friday,July,True,False,False,False,False,False,False,0,0
2023-07-22,9810.77,0,0,0,Other,Saturday,July,False,False,True,False,False,False,False,0,0
2023-07-23,1294.02,0,0,1,Sunny without Music,Sunday,July,False,False,False,True,False,False,False,0,0
2023-07-24,1678.86,0,0,1,Sunny without Music,Monday,July,False,True,False,False,False,False,False,0,0
2023-07-25,1796.6,0,0,1,Sunny without Music,Tuesday,July,False,False,False,False,False,True,False,0,0
2023-07-26,1537.81,0,0,1,Sunny without Music,Wednesday,July,False,False,False,False,False,False,True,0,0
2023-07-27,1962.27,0,0,0,Other,Thursday,July,False,False,False,False,True,False,False,0,0
2023-07-28,3442.16,0,0,1,Sunny without Music,Friday,July,True,False,False,False,False,False,False,0,0
2023-07-29,4358.97,0,0,0,Other,Saturday,July,False,False,True,False,False,False,False,0,0
2023-07-30,2268.74,0,0,1,Sunny without Music,Sunday,July,False,False,False,True,False,False,False,0,0
2023-07-31,1362.99,0,0,1,Sunny without Music,Monday,July,False,True,False,False,False,False,False,0,0
2023-08-01,1193.98,0,0,1,Sunny without Music,Tuesday,August,False,False,False,False,False,True,False,0,0
2023-08-02,960.35,0,0,1,Sunny without Music,Wednesday,August,False,False,False,False,False,False,True,0,0
2023-08-03,1817.6599999999999,0,0,1,Sunny without Music,Thursday,August,False,False,False,False,True,False,False,0,0
2023-08-04,2945.42,0,0,0,Other,Friday,August,True,False,False,False,False,False,False,0,0
2023-08-05,6115.79,0,0,1,Sunny without Music,Saturday,August,False,False,True,False,False,False,False,0,0
2023-08-06,3130.09,0,0,1,Sunny without Music,Sunday,August,False,False,False,True,False,False,False,0,0
2023-08-07,2001.72,0,0,0,Other,Monday,August,False,True,False,False,False,False,False,0,0
2023-08-08,2664.67,0,0,0,Other,Tuesday,August,False,False,False,False,False,True,False,0,0
2023-08-09,2094.75,0,0,1,Sunny without Music,Wednesday,August,False,False,False,False,False,False,True,0,0
2023-08-10,2736.33,0,0,0,Other,Thursday,August,False,False,False,False,True,False,False,0,0
2023-08-11,5250.71,0,0,1,Sunny without Music,Friday,August,True,False,False,False,False,False,False,0,0
2023-08-12,7872.38,0,0,1,Sunny without Music,Saturday,August,False,False,True,False,False,False,False,0,0
2023-08-13,2925.75,0,0,0,Other,Sunday,August,False,False,False,True,False,False,False,0,0
2023-08-14,3528.58,0,0,1,Sunny without Music,Monday,August,False,True,False,False,False,False,False,0,0
2023-08-15,2392.42,0,0,0,Other,Tuesday,August,False,False,False,False,False,True,False,0,0
2023-08-16,3320.24,0,0,0,Other,Wednesday,August,False,False,False,False,False,False,True,0,0
2023-08-17,2264.44,0,0,0,Other,Thursday,August,False,False,False,False,True,False,False,0,0
2023-08-18,5427.15,1,0,0,Other,Friday,August,True,False,False,False,False,False,False,0,0
2023-08-19,8347.89,0,0,1,Sunny without Music,Saturday,August,False,False,True,False,False,False,False,0,0
2023-08-20,3645.7999999999997,0,0,1,Sunny without Music,Sunday,August,False,False,False,True,False,False,False,0,0
2023-08-21,2693.34,0,0,1,Sunny without Music,Monday,August,False,True,False,False,False,False,False,0,0
2023-08-22,2826.14,0,0,1,Sunny without Music,Tuesday,August,False,False,False,False,False,True,False,0,0
2023-08-23,2010.67,0,0,1,Sunny without Music,Wednesday,August,False,False,False,False,False,False,True,0,0
2023-08-24,2601.11,0,0,0,Other,Thursday,August,False,False,False,False,True,False,False,0,0
2023-08-25,3719.21,0,0,0,Other,Friday,August,True,False,False,False,False,False,False,0,0
2023-08-26,5700.82,0,0,0,Other,Saturday,August,False,False,True,False,False,False,False,0,0
2023-08-27,2540.13,0,0,0,Other,Sunday,August,False,False,False,True,False,False,False,0,0
2023-08-28,1709.32,0,0,1,Sunny without Music,Monday,August,False,True,False,False,False,False,False,0,0
2023-08-29,1686.85,0,0,1,Sunny without Music,Tuesday,August,False,False,False,False,False,True,False,0,0
2023-08-30,1048.96,0,0,0,Other,Wednesday,August,False,False,False,False,False,False,True,0,0
2023-08-31,1319.07,0,0,1,Sunny without Music,Thursday,August,False,False,False,False,True,False,False,0,0
2023-09-01,4926.0,0,0,1,Sunny without Music,Friday,September,True,False,False,False,False,False,False,0,0
2023-09-02,12693.56,0,0,1,Sunny without Music,Saturday,September,False,False,True,False,False,False,False,0,0
2023-09-03,7942.75,0,0,1,Sunny without Music,Sunday,September,False,False,False,True,False,False,False,0,0
2023-09-04,1329.4,0,0,1,Sunny without Music,Monday,September,False,True,False,False,False,False,False,0,0
2023-09-05,876.42,0,0,1,Sunny without Music,Tuesday,September,False,False,False,False,False,True,False,0,0
2023-09-06,1320.93,0,0,1,Sunny without Music,Wednesday,September,False,False,False,False,False,False,True,0,0
2023-09-07,743.74,0,0,1,Sunny without Music,Thursday,September,False,False,False,False,True,False,False,0,0
2023-09-08,3706.5099999999998,0,0,1,Sunny without Music,Friday,September,True,False,False,False,False,False,False,0,0
2023-09-09,4273.3099999999995,0,0,0,Other,Saturday,September,False,False,True,False,False,False,False,0,0
2023-09-10,1193.94,0,0,0,Other,Sunday,September,False,False,False,True,False,False,False,0,0
2023-09-11,278.13,0,0,0,Other,Monday,September,False,True,False,False,False,False,False,0,0
2023-09-12,1482.04,0,0,0,Other,Tuesday,September,False,False,False,False,False,True,False,0,0
2023-09-13,1393.01,0,0,0,Other,Wednesday,September,False,False,False,False,False,False,True,0,0
2023-09-14,736.9399999999999,0,0,1,Sunny without Music,Thursday,September,False,False,False,False,True,False,False,0,0
2023-09-15,5258.62,0,0,1,Sunny without Music,Friday,September,True,False,False,False,False,False,False,0,0
2023-09-16,5084.76,0,0,1,Sunny without Music,Saturday,September,False,False,True,False,False,False,False,0,0
2023-09-17,1764.18,0,0,1,Sunny without Music,Sunday,September,False,False,False,True,False,False,False,0,0
2023-09-18,1006.46,0,0,0,Other,Monday,September,False,True,False,False,False,False,False,0,0
2023-09-19,1740.45,0,0,0,Other,Tuesday,September,False,False,False,False,False,True,False,0,0
2023-09-20,1129.28,0,0,1,Sunny without Music,Wednesday,September,False,False,False,False,False,False,True,0,0
2023-09-21,1275.98,0,0,1,Sunny without Music,Thursday,September,False,False,False,False,True,False,False,0,0
2023-09-22,2283.5899999999997,0,0,1,Sunny without Music,Friday,September,True,False,False,False,False,False,False,0,0
2023-09-23,6335.26,0,0,0,Other,Saturday,September,False,False,True,False,False,False,False,0,0
2023-09-24,1291.47,0,0,1,Sunny without Music,Sunday,September,False,False,False,True,False,False,False,0,0
2023-09-25,681.31,0,0,1,Sunny without Music,Monday,September,False,True,False,False,False,False,False,0,0
2023-09-26,1822.86,0,0,1,Sunny without Music,Tuesday,September,False,False,False,False,False,True,False,0,0
2023-09-27,3207.7,0,0,1,Sunny without Music,Wednesday,September,False,False,False,False,False,False,True,0,0
2023-09-28,1187.31,0,0,1,Sunny without Music,Thursday,September,False,False,False,False,True,False,False,0,0
2023-09-29,2920.85,0,0,1,Sunny without Music,Friday,September,True,False,False,False,False,False,False,0,0
2023-09-30,16992.62,0,0,1,Sunny without Music,Saturday,September,False,False,True,False,False,False,False,0,0
2023-10-01,2094.89,0,0,1,Sunny without Music,Sunday,October,False,False,False,True,False,False,False,0,0
2023-10-02,377.38,0,0,1,Sunny without Music,Monday,October,False,True,False,False,False,False,False,0,0
2023-10-03,1129.3,0,0,1,Sunny without Music,Tuesday,October,False,False,False,False,False,True,False,0,0
2023-10-04,1544.39,0,0,1,Sunny without Music,Wednesday,October,False,False,False,False,False,False,True,0,0
2023-10-05,1476.32,0,0,1,Sunny without Music,Thursday,October,False,False,False,False,True,False,False,0,0
2023-10-06,4705.8,0,0,0,Other,Friday,October,True,False,False,False,False,False,False,0,0
2023-10-07,12054.51,0,0,0,Other,Saturday,October,False,False,True,False,False,False,False,0,0
2023-10-08,5492.88,0,0,1,Sunny without Music,Sunday,October,False,False,False,True,False,False,False,0,0
2023-10-09,861.39,0,0,1,Sunny without Music,Monday,October,False,True,False,False,False,False,False,0,0
2023-10-10,1575.6699999999998,0,0,0,Other,Tuesday,October,False,False,False,False,False,True,False,0,0
2023-10-11,1492.71,0,0,1,Sunny without Music,Wednesday,October,False,False,False,False,False,False,True,0,0
2023-10-12,1204.01,0,0,1,Sunny without Music,Thursday,October,False,False,False,False,True,False,False,0,0
2023-10-13,6240.0,0,0,1,Sunny without Music,Friday,October,True,False,False,False,False,False,False,0,0
2023-10-14,7031.82,0,0,1,Sunny without Music,Saturday,October,False,False,True,False,False,False,False,0,0
2023-10-15,2202.06,0,0,1,Sunny without Music,Sunday,October,False,False,False,True,False,False,False,0,0
2023-10-16,410.53,0,0,1,Sunny without Music,Monday,October,False,True,False,False,False,False,False,0,0
2023-10-17,1255.69,0,0,0,Other,Tuesday,October,False,False,False,False,False,True,False,0,0
2023-10-18,595.43,0,0,1,Sunny without Music,Wednesday,October,False,False,False,False,False,False,True,0,0
2023-10-19,1244.74,0,0,1,Sunny without Music,Thursday,October,False,False,False,False,True,False,False,0,0
2023-10-20,2277.66,0,0,0,Other,Friday,October,True,False,False,False,False,False,False,0,0
2023-10-21,5449.73,0,0,0,Other,Saturday,October,False,False,True,False,False,False,False,0,0
2023-10-22,649.24,0,0,0,Other,Sunday,October,False,False,False,True,False,False,False,0,0
2023-10-23,421.66999999999996,0,0,1,Sunny without Music,Monday,October,False,True,False,False,False,False,False,0,0
2023-10-24,1114.06,0,0,1,Sunny without Music,Tuesday,October,False,False,False,False,False,True,False,0,0
2023-10-25,1108.08,0,0,0,Other,Wednesday,October,False,False,False,False,False,False,True,0,0
2023-10-26,585.3,0,0,0,Other,Thursday,October,False,False,False,False,True,False,False,0,0
2023-10-27,3531.73,0,0,1,Sunny without Music,Friday,October,True,False,False,False,False,False,False,0,0
2023-10-28,5047.04,0,0,1,Sunny without Music,Saturday,October,False,False,True,False,False,False,False,0,0
2023-10-29,1468.71,0,0,0,Other,Sunday,October,False,False,False,True,False,False,False,0,0
2023-10-30,176.95,0,0,0,Other,Monday,October,False,True,False,False,False,False,False,0,0
2023-10-31,5373.76,0,0,1,Sunny without Music,Tuesday,October,False,False,False,False,False,True,False,0,0
2023-11-01,752.34,0,0,0,Other,Wednesday,November,False,False,False,False,False,False,True,0,0
2023-11-02,796.37,0,0,1,Sunny without Music,Thursday,November,False,False,False,False,True,False,False,0,0
2023-11-03,3039.81,0,0,1,Sunny without Music,Friday,November,True,False,False,False,False,False,False,0,0
2023-11-04,3518.7599999999998,0,0,1,Sunny without Music,Saturday,November,False,False,True,False,False,False,False,0,0
2023-11-05,2203.96,0,0,1,Sunny without Music,Sunday,November,False,False,False,True,False,False,False,0,0
2023-11-06,170.24,0,0,1,Sunny without Music,Monday,November,False,True,False,False,False,False,False,0,0
2023-11-07,1010.49,0,0,0,Other,Tuesday,November,False,False,False,False,False,True,False,0,0
2023-11-08,490.52,0,0,1,Sunny without Music,Wednesday,November,False,False,False,False,False,False,True,0,0
2023-11-09,249.09,0,1,0,Snow without Music,Thursday,November,False,False,False,False,True,False,False,0,0
2023-11-10,3902.31,0,0,1,Sunny without Music,Friday,November,True,False,False,False,False,False,False,0,0
2023-11-11,5915.4,0,0,1,Sunny without Music,Saturday,November,False,False,True,False,False,False,False,0,0
2023-11-12,950.26,0,0,1,Sunny without Music,Sunday,November,False,False,False,True,False,False,False,0,0
2023-11-13,130.41,0,0,0,Other,Monday,November,False,True,False,False,False,False,False,0,0
2023-11-14,618.78,0,0,1,Sunny without Music,Tuesday,November,False,False,False,False,False,True,False,0,0
2023-11-15,628.21,0,0,1,Sunny without Music,Wednesday,November,False,False,False,False,False,False,True,0,0
2023-11-16,842.12,0,0,1,Sunny without Music,Thursday,November,False,False,False,False,True,False,False,0,0
2023-11-17,1504.66,0,0,1,Sunny without Music,Friday,November,True,False,False,False,False,False,False,0,0
2023-11-18,3049.5299999999997,0,0,1,Sunny without Music,Saturday,November,False,False,True,False,False,False,False,0,0
2023-11-19,1228.36,0,0,1,Sunny without Music,Sunday,November,False,False,False,True,False,False,False,0,0
2023-11-20,176.97,0,0,1,Sunny without Music,Monday,November,False,True,False,False,False,False,False,0,0
2023-11-21,853.95,0,0,1,Sunny without Music,Tuesday,November,False,False,False,False,False,True,False,0,0
2023-11-22,719.9399999999999,0,1,0,Snow without Music,Wednesday,November,False,False,False,False,False,False,True,0,0
2023-11-24,3425.58,0,0,1,Sunny without Music,Friday,November,True,False,False,False,False,False,False,0,0
2023-11-25,6753.38,0,0,1,Sunny without Music,Saturday,November,False,False,True,False,False,False,False,0,0
2023-11-26,880.27,0,0,1,Sunny without Music,Sunday,November,False,False,False,True,False,False,False,0,0
2023-11-27,262.90999999999997,0,0,0,Other,Monday,November,False,True,False,False,False,False,False,0,0
2023-11-28,621.77,0,0,0,Other,Tuesday,November,False,False,False,False,False,True,False,0,0
2023-11-29,635.31,0,0,0,Other,Wednesday,November,False,False,False,False,False,False,True,0,0
2023-11-30,433.71,0,0,1,Sunny without Music,Thursday,November,False,False,False,False,True,False,False,0,0
2023-12-01,2478.79,0,0,1,Sunny without Music,Friday,December,True,False,False,False,False,False,False,0,0
2023-12-02,6384.3,0,0,0,Other,Saturday,December,False,False,True,False,False,False,False,0,0
2023-12-03,996.96,0,1,0,Snow without Music,Sunday,December,False,False,False,True,False,False,False,0,0
2023-12-04,352.53,0,0,0,Other,Monday,December,False,True,False,False,False,False,False,0,0
2023-12-05,138.76,0,0,0,Other,Tuesday,December,False,False,False,False,False,True,False,0,0
2023-12-06,729.4,0,0,0,Other,Wednesday,December,False,False,False,False,False,False,True,0,0
2023-12-07,587.29,0,0,1,Sunny without Music,Thursday,December,False,False,False,False,True,False,False,0,0
2023-12-08,1881.99,0,0,1,Sunny without Music,Friday,December,True,False,False,False,False,False,False,0,0
2023-12-09,4077.93,0,0,0,Other,Saturday,December,False,False,True,False,False,False,False,0,0
2023-12-10,1073.52,0,0,0,Other,Sunday,December,False,False,False,True,False,False,False,0,0
2023-12-11,402.64,0,0,0,Other,Monday,December,False,True,False,False,False,False,False,0,0
2023-12-12,2989.3099999999995,0,0,1,Sunny without Music,Tuesday,December,False,False,False,False,False,True,False,0,0
2023-12-13,496.0,0,0,1,Sunny without Music,Wednesday,December,False,False,False,False,False,False,True,0,0
2023-12-14,1550.67,0,0,1,Sunny without Music,Thursday,December,False,False,False,False,True,False,False,0,0
2023-12-15,1462.11,0,0,1,Sunny without Music,Friday,December,True,False,False,False,False,False,False,0,0
2023-12-16,4121.95,0,0,1,Sunny without Music,Saturday,December,False,False,True,False,False,False,False,0,0
2023-12-17,844.1,0,1,0,Snow without Music,Sunday,December,False,False,False,True,False,False,False,0,0
2023-12-19,1187.59,0,0,1,Sunny without Music,Tuesday,December,False,False,False,False,False,True,False,0,0
2023-12-20,980.5899999999999,0,0,1,Sunny without Music,Wednesday,December,False,False,False,False,False,False,True,0,0
2023-12-21,1352.69,0,0,1,Sunny without Music,Thursday,December,False,False,False,False,True,False,False,0,0
2023-12-22,3263.62,0,0,1,Sunny without Music,Friday,December,True,False,False,False,False,False,False,0,0
2023-12-23,4181.54,0,0,0,Other,Saturday,December,False,False,True,False,False,False,False,0,0
2023-12-24,1419.3,0,0,0,Other,Sunday,December,False,False,False,True,False,False,False,0,0
2023-12-25,505.15999999999997,0,0,0,Other,Monday,December,False,True,False,False,False,False,False,0,0
2023-12-26,2013.26,0,0,1,Sunny without Music,Tuesday,December,False,False,False,False,False,True,False,0,0
2023-12-27,4715.07,0,0,0,Other,Wednesday,December,False,False,False,False,False,False,True,0,0
2023-12-28,10448.4,0,1,0,Snow without Music,Thursday,December,False,False,False,False,True,False,False,0,0
2023-12-29,5878.66,0,0,0,Other,Friday,December,True,False,False,False,False,False,False,0,0
2023-12-30,12888.96,0,0,1,Sunny without Music,Saturday,December,False,False,True,False,False,False,False,0,0
2023-12-31,8765.71,0,0,1,Sunny without Music,Sunday,December,False,False,False,True,False,False,False,0,0
2024-01-01,389.11,0,0,1,Sunny without Music,Monday,January,False,True,False,False,False,False,False,0,0
2024-01-02,769.31,0,0,1,Sunny without Music,Tuesday,January,False,False,False,False,False,True,False,0,0
2024-01-03,596.85,0,0,1,Sunny without Music,Wednesday,January,False,False,False,False,False,False,True,0,0
2024-01-04,780.6,0,0,0,Other,Thursday,January,False,False,False,False,True,False,False,0,0
2024-01-05,2031.82,1,0,1,Sunny with Music,Friday,January,True,False,False,False,False,False,False,1,0
2024-01-06,3730.41,1,0,0,Other,Saturday,January,False,False,True,False,False,False,False,0,0
2024-01-07,1008.84,0,1,0,Snow without Music,Sunday,January,False,False,False,True,False,False,False,0,0
2024-01-08,132.37,0,0,1,Sunny without Music,Monday,January,False,True,False,False,False,False,False,0,0
2024-01-09,635.93,0,0,0,Other,Tuesday,January,False,False,False,False,False,True,False,0,0
2024-01-10,643.47,0,0,0,Other,Wednesday,January,False,False,False,False,False,False,True,0,0
2024-01-11,701.11,0,0,0,Other,Thursday,January,False,False,False,False,True,False,False,0,0
2024-01-12,4087.35,0,0,1,Sunny without Music,Friday,January,True,False,False,False,False,False,False,0,0
2024-01-13,10064.23,0,0,0,Other,Saturday,January,False,False,True,False,False,False,False,0,0
2024-01-14,7051.25,0,0,0,Other,Sunday,January,False,False,False,True,False,False,False,0,0
2024-01-15,495.11,0,0,1,Sunny without Music,Monday,January,False,True,False,False,False,False,False,0,0
2024-01-16,526.14,0,1,0,Snow without Music,Tuesday,January,False,False,False,False,False,True,False,0,0
2024-01-17,638.54,0,0,0,Other,Wednesday,January,False,False,False,False,False,False,True,0,0
2024-01-18,1217.65,0,0,1,Sunny without Music,Thursday,January,False,False,False,False,True,False,False,0,0
2024-01-19,3090.45,0,0,0,Other,Friday,January,True,False,False,False,False,False,False,0,0
2024-01-20,6969.21,0,0,0,Other,Saturday,January,False,False,True,False,False,False,False,0,0
2024-01-21,1475.19,0,0,1,Sunny without Music,Sunday,January,False,False,False,True,False,False,False,0,0
2024-01-22,498.44,0,0,0,Other,Monday,January,False,True,False,False,False,False,False,0,0
2024-01-23,1400.71,0,0,0,Other,Tuesday,January,False,False,False,False,False,True,False,0,0
2024-01-24,506.4,0,1,0,Snow without Music,Wednesday,January,False,False,False,False,False,False,True,0,0
2024-01-25,2679.2799999999997,0,0,0,Other,Thursday,January,False,False,False,False,True,False,False,0,0
2024-01-26,4727.48,0,1,0,Snow without Music,Friday,January,True,False,False,False,False,False,False,0,0
2024-01-27,8854.45,0,0,0,Other,Saturday,January,False,False,True,False,False,False,False,0,0
2024-01-28,1539.95,0,1,0,Snow without Music,Sunday,January,False,False,False,True,False,False,False,0,0
2024-01-29,607.82,0,0,0,Other,Monday,January,False,True,False,False,False,False,False,0,0
2024-01-30,784.05,0,0,1,Sunny without Music,Tuesday,January,False,False,False,False,False,True,False,0,0
2024-01-31,602.2099999999999,0,0,0,Other,Wednesday,January,False,False,False,False,False,False,True,0,0
2024-02-01,1375.84,0,1,0,Snow without Music,Thursday,February,False,False,False,False,True,False,False,0,0
2024-02-02,6029.97,0,0,1,Sunny without Music,Friday,February,True,False,False,False,False,False,False,0,0
2024-02-03,10199.45,1,0,1,Sunny with Music,Saturday,February,False,False,True,False,False,False,False,1,0
2024-02-04,3697.31,1,0,1,Sunny with Music,Sunday,February,False,False,False,True,False,False,False,1,0
2024-02-05,6223.69,0,0,1,Sunny without Music,Monday,February,False,True,False,False,False,False,False,0,0
2024-02-06,592.49,0,0,1,Sunny without Music,Tuesday,February,False,False,False,False,False,True,False,0,0
2024-02-07,580.88,0,0,0,Other,Wednesday,February,False,False,False,False,False,False,True,0,0
2024-02-08,3809.62,0,0,0,Other,Thursday,February,False,False,False,False,True,False,False,0,0
2024-02-09,4978.96,1,0,0,Other,Friday,February,True,False,False,False,False,False,False,0,0
2024-02-10,11802.789999999999,1,0,1,Sunny with Music,Saturday,February,False,False,True,False,False,False,False,1,0
2024-02-11,1702.09,0,0,1,Sunny without Music,Sunday,February,False,False,False,True,False,False,False,0,0
2024-02-12,1662.01,0,0,1,Sunny without Music,Monday,February,False,True,False,False,False,False,False,0,0
2024-02-13,743.72,0,0,0,Other,Tuesday,February,False,False,False,False,False,True,False,0,0
2024-02-14,3051.04,0,0,0,Other,Wednesday,February,False,False,False,False,False,False,True,0,0
2024-02-15,1041.07,1,0,1,Sunny with Music,Thursday,February,False,False,False,False,True,False,False,1,0
2024-02-16,2991.44,0,0,1,Sunny without Music,Friday,February,True,False,False,False,False,False,False,0,0
2024-02-17,13548.14,1,0,0,Other,Saturday,February,False,False,True,False,False,False,False,0,0
2024-02-18,5779.2699999999995,1,0,0,Other,Sunday,February,False,False,False,True,False,False,False,0,0
2024-02-19,1401.2,0,0,1,Sunny without Music,Monday,February,False,True,False,False,False,False,False,0,0
2024-02-20,3225.55,1,0,1,Sunny with Music,Tuesday,February,False,False,False,False,False,True,False,1,0
2024-02-21,3753.38,1,0,1,Sunny with Music,Wednesday,February,False,False,False,False,False,False,True,1,0
2024-02-22,2999.54,0,0,1,Sunny without Music,Thursday,February,False,False,False,False,True,False,False,0,0
2024-02-23,9757.72,0,0,0,Other,Friday,February,True,False,False,False,False,False,False,0,0
2024-02-24,8237.93,1,0,1,Sunny with Music,Saturday,February,False,False,True,False,False,False,False,1,0
2024-02-25,5350.93,0,0,1,Sunny without Music,Sunday,February,False,False,False,True,False,False,False,0,0
2024-02-26,622.18,0,0,1,Sunny without Music,Monday,February,False,True,False,False,False,False,False,0,0
2024-02-27,1060.17,0,0,0,Other,Tuesday,February,False,False,False,False,False,True,False,0,0
2024-02-28,1696.37,1,0,0,Other,Wednesday,February,False,False,False,False,False,False,True,0,0
2024-02-29,1391.76,0,0,1,Sunny without Music,Thursday,February,False,False,False,False,True,False,False,0,0
2024-03-01,4189.5599999999995,1,0,1,Sunny with Music,Friday,March,True,False,False,False,False,False,False,1,0
2024-03-02,10671.27,1,1,1,Snow with Music,Saturday,March,False,False,True,False,False,False,False,1,1
2024-03-03,1361.4,0,0,0,Other,Sunday,March,False,False,False,True,False,False,False,0,0
2024-03-04,211.84,0,0,0,Other,Monday,March,False,True,False,False,False,False,False,0,0
2024-03-05,777.15,0,1,0,Snow without Music,Tuesday,March,False,False,False,False,False,True,False,0,0
2024-03-06,759.58,0,0,0,Other,Wednesday,March,False,False,False,False,False,False,True,0,0
2024-03-07,834.0799999999999,0,0,1,Sunny without Music,Thursday,March,False,False,False,False,True,False,False,0,0
2024-03-08,3233.63,1,0,1,Sunny with Music,Friday,March,True,False,False,False,False,False,False,1,0
2024-03-09,8881.7,1,0,0,Other,Saturday,March,False,False,True,False,False,False,False,0,0
2024-03-10,1233.68,0,0,0,Other,Sunday,March,False,False,False,True,False,False,False,0,0
2024-03-11,228.59,0,0,0,Other,Monday,March,False,True,False,False,False,False,False,0,0
2024-03-12,630.68,0,0,1,Sunny without Music,Tuesday,March,False,False,False,False,False,True,False,0,0
2024-03-13,2275.34,0,0,1,Sunny without Music,Wednesday,March,False,False,False,False,False,False,True,0,0
2024-03-14,3315.38,0,0,1,Sunny without Music,Thursday,March,False,False,False,False,True,False,False,0,0
2024-03-15,2065.2599999999998,1,0,0,Other,Friday,March,True,False,False,False,False,False,False,0,0
2024-03-16,8113.65,1,0,0,Other,Saturday,March,False,False,True,False,False,False,False,0,0
2024-03-17,1860.9299999999998,1,0,0,Other,Sunday,March,False,False,False,True,False,False,False,0,0
2024-03-18,294.51,0,0,0,Other,Monday,March,False,True,False,False,False,False,False,0,0
2024-03-19,255.98,0,0,0,Other,Tuesday,March,False,False,False,False,False,True,False,0,0
2024-03-20,968.16,0,0,1,Sunny without Music,Wednesday,March,False,False,False,False,False,False,True,0,0
2024-03-21,366.95,0,0,0,Other,Thursday,March,False,False,False,False,True,False,False,0,0
2024-03-22,3101.81,0,0,1,Sunny without Music,Friday,March,True,False,False,False,False,False,False,0,0
2024-03-23,3932.33,0,1,0,Snow without Music,Saturday,March,False,False,True,False,False,False,False,0,0
2024-03-24,1849.66,0,0,1,Sunny without Music,Sunday,March,False,False,False,True,False,False,False,0,0
2024-03-25,322.5,0,0,1,Sunny without Music,Monday,March,False,True,False,False,False,False,False,0,0
2024-03-26,1682.3799999999999,0,1,0,Snow without Music,Tuesday,March,False,False,False,False,False,True,False,0,0
2024-03-27,2536.5,0,0,0,Other,Wednesday,March,False,False,False,False,False,False,True,0,0
2024-03-28,540.29,0,0,0,Other,Thursday,March,False,False,False,False,True,False,False,0,0
2024-03-29,3151.36,1,0,0,Other,Friday,March,True,False,False,False,False,False,False,0,0
2024-03-30,4342.2699999999995,1,0,1,Sunny with Music,Saturday,March,False,False,True,False,False,False,False,1,0
2024-03-31,603.68,0,0,1,Sunny without Music,Sunday,March,False,False,False,True,False,False,False,0,0
2024-04-01,110.5,0,0,0,Other,Monday,April,False,True,False,False,False,False,False,0,0
2024-04-02,1281.64,0,0,0,Other,Tuesday,April,False,False,False,False,False,True,False,0,0
2024-04-03,657.11,0,1,0,Snow without Music,Wednesday,April,False,False,False,False,False,False,True,0,0
2024-04-05,4524.66,1,1,0,Snow with Music,Friday,April,True,False,False,False,False,False,False,0,1
2024-04-06,7348.62,1,0,0,Other,Saturday,April,False,False,True,False,False,False,False,0,0
2024-04-07,3993.84,0,0,1,Sunny without Music,Sunday,April,False,False,False,True,False,False,False,0,0
2024-04-08,868.79,0,0,1,Sunny without Music,Monday,April,False,True,False,False,False,False,False,0,0
2024-04-09,613.48,0,0,0,Other,Tuesday,April,False,False,False,False,False,True,False,0,0
2024-04-10,670.22,0,0,0,Other,Wednesday,April,False,False,False,False,False,False,True,0,0
2024-04-11,349.5,0,0,0,Other,Thursday,April,False,False,False,False,True,False,False,0,0
2024-04-12,2079.9,0,0,0,Other,Friday,April,True,False,False,False,False,False,False,0,0
2024-04-13,4463.45,1,0,0,Other,Saturday,April,False,False,True,False,False,False,False,0,0
2024-04-14,1617.28,0,0,1,Sunny without Music,Sunday,April,False,False,False,True,False,False,False,0,0
2024-04-15,212.68,0,0,1,Sunny without Music,Monday,April,False,True,False,False,False,False,False,0,0
2024-04-16,1456.05,0,0,1,Sunny without Music,Tuesday,April,False,False,False,False,False,True,False,0,0
2024-04-17,431.59999999999997,0,0,1,Sunny without Music,Wednesday,April,False,False,False,False,False,False,True,0,0
2024-04-18,922.0799999999999,0,0,0,Other,Thursday,April,False,False,False,False,True,False,False,0,0
2024-04-19,2336.4,1,0,0,Other,Friday,April,True,False,False,False,False,False,False,0,0
2024-04-20,3054.92,1,0,1,Sunny with Music,Saturday,April,False,False,True,False,False,False,False,1,0
2024-04-21,788.77,0,0,1,Sunny without Music,Sunday,April,False,False,False,True,False,False,False,0,0
2024-04-23,547.03,0,0,1,Sunny without Music,Tuesday,April,False,False,False,False,False,True,False,0,0
2024-04-24,847.72,0,0,1,Sunny without Music,Wednesday,April,False,False,False,False,False,False,True,0,0
2024-04-25,478.83,0,0,1,Sunny without Music,Thursday,April,False,False,False,False,True,False,False,0,0
2024-04-26,2882.29,1,0,1,Sunny with Music,Friday,April,True,False,False,False,False,False,False,1,0
2024-04-27,3650.34,1,0,1,Sunny with Music,Saturday,April,False,False,True,False,False,False,False,1,0
2024-04-28,735.3000000000001,0,0,0,Other,Sunday,April,False,False,False,True,False,False,False,0,0
2024-05-04,2434.7799999999997,1,0,0,Other,Saturday,May,False,False,True,False,False,False,False,0,0
2024-05-10,1355.0,1,0,0,Other,Friday,May,True,False,False,False,False,False,False,0,0
2024-05-11,2393.04,1,0,0,Other,Saturday,May,False,False,True,False,False,False,False,0,0
2024-05-12,870.26,0,0,0,Other,Sunday,May,False,False,False,True,False,False,False,0,0
2024-05-13,203.8,0,0,0,Other,Monday,May,False,True,False,False,False,False,False,0,0
2024-05-14,795.56,0,0,0,Other,Tuesday,May,False,False,False,False,False,True,False,0,0
2024-05-15,568.82,0,0,0,Other,Wednesday,May,False,False,False,False,False,False,True,0,0
2024-05-16,371.82,0,0,0,Other,Thursday,May,False,False,False,False,True,False,False,0,0
2024-05-17,1992.32,1,0,0,Other,Friday,May,True,False,False,False,False,False,False,0,0
2024-05-18,8962.6,1,0,0,Other,Saturday,May,False,False,True,False,False,False,False,0,0
2024-05-19,1391.96,0,0,0,Other,Sunday,May,False,False,False,True,False,False,False,0,0
2024-05-20,443.86,0,0,0,Other,Monday,May,False,True,False,False,False,False,False,0,0
2024-05-21,805.46,0,0,1,Sunny without Music,Tuesday,May,False,False,False,False,False,True,False,0,0
2024-05-22,675.99,0,0,1,Sunny without Music,Wednesday,May,False,False,False,False,False,False,True,0,0
2024-05-23,607.48,0,0,1,Sunny without Music,Thursday,May,False,False,False,False,True,False,False,0,0
2024-05-24,2365.59,1,0,1,Sunny with Music,Friday,May,True,False,False,False,False,False,False,1,0
2024-05-25,9497.949999999999,1,0,1,Sunny with Music,Saturday,May,False,False,True,False,False,False,False,1,0
2024-05-26,5011.15,1,0,0,Other,Sunday,May,False,False,False,True,False,False,False,0,0
2024-05-27,669.28,0,0,0,Other,Monday,May,False,True,False,False,False,False,False,0,0
2024-05-28,700.5699999999999,0,0,1,Sunny without Music,Tuesday,May,False,False,False,False,False,True,False,0,0
2024-05-29,437.32,0,0,0,Other,Wednesday,May,False,False,False,False,False,False,True,0,0
2024-05-30,834.02,0,0,1,Sunny without Music,Thursday,May,False,False,False,False,True,False,False,0,0
2024-05-31,4257.71,1,0,1,Sunny with Music,Friday,May,True,False,False,False,False,False,False,1,0
2024-06-01,8488.06,0,0,1,Sunny without Music,Saturday,June,False,False,True,False,False,False,False,0,0
2024-06-02,1084.24,0,0,1,Sunny without Music,Sunday,June,False,False,False,True,False,False,False,0,0
2024-06-03,443.13,0,0,1,Sunny without Music,Monday,June,False,True,False,False,False,False,False,0,0
2024-06-04,1084.8899999999999,0,0,0,Other,Tuesday,June,False,False,False,False,False,True,False,0,0
2024-06-05,202.05,0,0,1,Sunny without Music,Wednesday,June,False,False,False,False,False,False,True,0,0
2024-06-06,1488.07,0,0,0,Other,Thursday,June,False,False,False,False,True,False,False,0,0
2024-06-07,1969.1299999999999,1,0,0,Other,Friday,June,True,False,False,False,False,False,False,0,0
2024-06-08,5728.28,1,0,1,Sunny with Music,Saturday,June,False,False,True,False,False,False,False,1,0
2024-06-09,1380.01,1,0,0,Other,Sunday,June,False,False,False,True,False,False,False,0,0
2024-06-10,265.71999999999997,0,0,0,Other,Monday,June,False,True,False,False,False,False,False,0,0
2024-06-11,972.44,0,0,0,Other,Tuesday,June,False,False,False,False,False,True,False,0,0
2024-06-12,406.03,0,0,0,Other,Wednesday,June,False,False,False,False,False,False,True,0,0
2024-06-13,1049.0,1,0,1,Sunny with Music,Thursday,June,False,False,False,False,True,False,False,1,0
2024-06-14,2965.77,1,0,0,Other,Friday,June,True,False,False,False,False,False,False,0,0
2024-06-15,9400.26,1,0,1,Sunny with Music,Saturday,June,False,False,True,False,False,False,False,1,0
2024-06-16,1550.61,1,0,1,Sunny with Music,Sunday,June,False,False,False,True,False,False,False,1,0
2024-06-17,744.38,0,0,1,Sunny without Music,Monday,June,False,True,False,False,False,False,False,0,0
2024-06-18,2134.85,0,0,1,Sunny without Music,Tuesday,June,False,False,False,False,False,True,False,0,0
2024-06-19,2445.74,0,0,1,Sunny without Music,Wednesday,June,False,False,False,False,False,False,True,0,0
2024-06-20,958.15,0,0,0,Other,Thursday,June,False,False,False,False,True,False,False,0,0
2024-06-21,5519.84,1,0,1,Sunny with Music,Friday,June,True,False,False,False,False,False,False,1,0
2024-06-22,4865.06,1,0,0,Other,Saturday,June,False,False,True,False,False,False,False,0,0
2024-06-23,1063.89,1,0,0,Other,Sunday,June,False,False,False,True,False,False,False,0,0
2024-06-24,489.56,0,0,0,Other,Monday,June,False,True,False,False,False,False,False,0,0
2024-06-25,1229.1,0,0,1,Sunny without Music,Tuesday,June,False,False,False,False,False,True,False,0,0
2024-06-26,1715.8,0,0,0,Other,Wednesday,June,False,False,False,False,False,False,True,0,0
2024-06-27,1901.1399999999999,0,0,1,Sunny without Music,Thursday,June,False,False,False,False,True,False,False,0,0
2024-06-28,1710.24,1,0,1,Sunny with Music,Friday,June,True,False,False,False,False,False,False,1,0
2024-06-29,8601.1,1,0,0,Other,Saturday,June,False,False,True,False,False,False,False,0,0
2024-06-30,1554.57,0,0,1,Sunny without Music,Sunday,June,False,False,False,True,False,False,False,0,0
2024-07-01,2142.16,0,0,1,Sunny without Music,Monday,July,False,True,False,False,False,False,False,0,0
2024-07-02,2575.23,0,0,1,Sunny without Music,Tuesday,July,False,False,False,False,False,True,False,0,0
2024-07-03,3112.84,0,0,1,Sunny without Music,Wednesday,July,False,False,False,False,False,False,True,0,0
2024-07-04,1911.48,0,0,1,Sunny without Music,Thursday,July,False,False,False,False,True,False,False,0,0
2024-07-05,3902.7,1,0,0,Other,Friday,July,True,False,False,False,False,False,False,0,0
2024-07-06,6942.62,1,0,0,Other,Saturday,July,False,False,True,False,False,False,False,0,0
2024-07-07,2138.2200000000003,1,0,1,Sunny with Music,Sunday,July,False,False,False,True,False,False,False,1,0
2024-07-08,451.81,0,0,1,Sunny without Music,Monday,July,False,True,False,False,False,False,False,0,0
2024-07-09,3593.56,0,0,0,Other,Tuesday,July,False,False,False,False,False,True,False,0,0
2024-07-10,741.31,0,0,0,Other,Wednesday,July,False,False,False,False,False,False,True,0,0
2024-07-11,1640.42,1,0,0,Other,Thursday,July,False,False,False,False,True,False,False,0,0
2024-07-12,4209.47,1,0,1,Sunny with Music,Friday,July,True,False,False,False,False,False,False,1,0
2024-07-13,7202.61,1,0,1,Sunny with Music,Saturday,July,False,False,True,False,False,False,False,1,0
2024-07-14,2490.32,1,0,1,Sunny with Music,Sunday,July,False,False,False,True,False,False,False,1,0
2024-07-15,838.13,0,0,1,Sunny without Music,Monday,July,False,True,False,False,False,False,False,0,0
2024-07-16,1773.05,0,0,1,Sunny without Music,Tuesday,July,False,False,False,False,False,True,False,0,0
2024-07-17,2301.25,0,0,1,Sunny without Music,Wednesday,July,False,False,False,False,False,False,True,0,0
2024-07-18,2607.83,1,0,1,Sunny with Music,Thursday,July,False,False,False,False,True,False,False,1,0
2024-07-19,2620.63,1,0,1,Sunny with Music,Friday,July,True,False,False,False,False,False,False,1,0
2024-07-20,5735.59,1,0,1,Sunny with Music,Saturday,July,False,False,True,False,False,False,False,1,0
2024-07-21,2175.33,1,0,1,Sunny with Music,Sunday,July,False,False,False,True,False,False,False,1,0
2024-07-22,1718.98,0,0,1,Sunny without Music,Monday,July,False,True,False,False,False,False,False,0,0
2024-07-23,2813.8199999999997,0,0,0,Other,Tuesday,July,False,False,False,False,False,True,False,0,0
2024-07-24,2754.0699999999997,0,0,0,Other,Wednesday,July,False,False,False,False,False,False,True,0,0
2024-07-25,2880.07,0,0,1,Sunny without Music,Thursday,July,False,False,False,False,True,False,False,0,0
2024-07-26,4919.47,1,0,1,Sunny with Music,Friday,July,True,False,False,False,False,False,False,1,0
2024-07-27,7022.24,1,0,1,Sunny with Music,Saturday,July,False,False,True,False,False,False,False,1,0
2024-07-28,2724.41,1,0,1,Sunny with Music,Sunday,July,False,False,False,True,False,False,False,1,0
2024-07-29,1477.26,0,0,0,Other,Monday,July,False,True,False,False,False,False,False,0,0
2024-07-30,2403.63,0,0,1,Sunny without Music,Tuesday,July,False,False,False,False,False,True,False,0,0
2024-07-31,1634.04,0,0,0,Other,Wednesday,July,False,False,False,False,False,False,True,0,0
2024-08-01,1203.37,0,0,1,Sunny without Music,Thursday,August,False,False,False,False,True,False,False,0,0
2024-08-02,2686.5099999999998,1,0,1,Sunny with Music,Friday,August,True,False,False,False,False,False,False,1,0
2024-08-03,4897.09,1,0,0,Other,Saturday,August,False,False,True,False,False,False,False,0,0
2024-08-04,2924.72,1,0,1,Sunny with Music,Sunday,August,False,False,False,True,False,False,False,1,0
2024-08-05,1270.32,0,0,1,Sunny without Music,Monday,August,False,True,False,False,False,False,False,0,0
2024-08-06,2350.99,0,0,1,Sunny without Music,Tuesday,August,False,False,False,False,False,True,False,0,0
2024-08-07,1760.1399999999999,0,0,1,Sunny without Music,Wednesday,August,False,False,False,False,False,False,True,0,0
2024-08-08,1678.14,0,0,1,Sunny without Music,Thursday,August,False,False,False,False,True,False,False,0,0
2024-08-09,4454.0199999999995,1,0,0,Other,Friday,August,True,False,False,False,False,False,False,0,0
2024-08-10,7526.94,1,0,1,Sunny with Music,Saturday,August,False,False,True,False,False,False,False,1,0
2024-08-11,2439.75,1,0,1,Sunny with Music,Sunday,August,False,False,False,True,False,False,False,1,0
2024-08-12,1825.4,0,0,1,Sunny without Music,Monday,August,False,True,False,False,False,False,False,0,0
2024-08-13,2235.68,0,0,1,Sunny without Music,Tuesday,August,False,False,False,False,False,True,False,0,0
2024-08-14,894.38,0,0,0,Other,Wednesday,August,False,False,False,False,False,False,True,0,0
2024-08-15,1806.06,0,0,0,Other,Thursday,August,False,False,False,False,True,False,False,0,0
2024-08-16,3581.7599999999998,1,0,0,Other,Friday,August,True,False,False,False,False,False,False,0,0
2024-08-17,6016.14,1,0,1,Sunny with Music,Saturday,August,False,False,True,False,False,False,False,1,0
2024-08-18,2640.28,1,0,0,Other,Sunday,August,False,False,False,True,False,False,False,0,0
2024-08-19,1101.02,0,0,0,Other,Monday,August,False,True,False,False,False,False,False,0,0
2024-08-20,2440.57,0,0,0,Other,Tuesday,August,False,False,False,False,False,True,False,0,0
2024-08-21,2162.7,0,0,0,Other,Wednesday,August,False,False,False,False,False,False,True,0,0
2024-08-22,1264.27,0,0,0,Other,Thursday,August,False,False,False,False,True,False,False,0,0
2024-08-23,6640.72,1,0,1,Sunny with Music,Friday,August,True,False,False,False,False,False,False,1,0
2024-08-24,9981.22,1,0,1,Sunny with Music,Saturday,August,False,False,True,False,False,False,False,1,0
2024-08-25,1803.8,1,0,1,Sunny with Music,Sunday,August,False,False,False,True,False,False,False,1,0
2024-08-26,989.53,0,0,1,Sunny without Music,Monday,August,False,True,False,False,False,False,False,0,0
2024-08-27,1764.08,0,0,1,Sunny without Music,Tuesday,August,False,False,False,False,False,True,False,0,0
2024-08-28,1403.0,0,0,0,Other,Wednesday,August,False,False,False,False,False,False,True,0,0
2024-08-29,1438.55,0,0,1,Sunny without Music,Thursday,August,False,False,False,False,True,False,False,0,0
2024-08-30,5186.43,1,0,1,Sunny with Music,Friday,August,True,False,False,False,False,False,False,1,0
2024-08-31,7950.87,1,0,0,Other,Saturday,August,False,False,True,False,False,False,False,0,0
2024-09-01,8375.51,1,0,1,Sunny with Music,Sunday,September,False,False,False,True,False,False,False,1,0
2024-09-02,1224.11,0,0,1,Sunny without Music,Monday,September,False,True,False,False,False,False,False,0,0
2024-09-03,1147.5,0,0,1,Sunny without Music,Tuesday,September,False,False,False,False,False,True,False,0,0
2024-09-04,474.8,0,0,1,Sunny without Music,Wednesday,September,False,False,False,False,False,False,True,0,0
2024-09-05,668.46,0,0,1,Sunny without Music,Thursday,September,False,False,False,False,True,False,False,0,0
2024-09-06,5186.67,1,0,1,Sunny with Music,Friday,September,True,False,False,False,False,False,False,1,0
2024-09-07,4389.38,1,0,0,Other,Saturday,September,False,False,True,False,False,False,False,0,0
2024-09-08,1446.82,1,0,1,Sunny with Music,Sunday,September,False,False,False,True,False,False,False,1,0
2024-09-09,871.03,0,0,1,Sunny without Music,Monday,September,False,True,False,False,False,False,False,0,0
2024-09-10,832.5,0,0,1,Sunny without Music,Tuesday,September,False,False,False,False,False,True,False,0,0
2024-09-11,579.16,0,0,1,Sunny without Music,Wednesday,September,False,False,False,False,False,False,True,0,0
2024-09-12,801.36,0,0,1,Sunny without Music,Thursday,September,False,False,False,False,True,False,False,0,0
2024-09-13,3288.59,1,0,1,Sunny with Music,Friday,September,True,False,False,False,False,False,False,1,0
2024-09-14,5145.7,1,0,0,Other,Saturday,September,False,False,True,False,False,False,False,0,0
2024-09-15,1009.18,1,0,1,Sunny with Music,Sunday,September,False,False,False,True,False,False,False,1,0
2024-09-16,468.43,0,0,1,Sunny without Music,Monday,September,False,True,False,False,False,False,False,0,0
2024-09-17,1039.87,0,0,0,Other,Tuesday,September,False,False,False,False,False,True,False,0,0
2024-09-18,183.12,0,0,1,Sunny without Music,Wednesday,September,False,False,False,False,False,False,True,0,0
2024-09-19,1395.54,0,0,0,Other,Thursday,September,False,False,False,False,True,False,False,0,0
2024-09-20,4828.05,1,0,0,Other,Friday,September,True,False,False,False,False,False,False,0,0
2024-09-21,5511.48,1,0,0,Other,Saturday,September,False,False,True,False,False,False,False,0,0
2024-09-22,1072.41,1,0,0,Other,Sunday,September,False,False,False,True,False,False,False,0,0
2024-09-23,606.3,0,0,0,Other,Monday,September,False,True,False,False,False,False,False,0,0
2024-09-24,709.68,0,0,0,Other,Tuesday,September,False,False,False,False,False,True,False,0,0
2024-09-25,4248.7,0,0,0,Other,Wednesday,September,False,False,False,False,False,False,True,0,0
2024-09-26,1053.16,0,0,0,Other,Thursday,September,False,False,False,False,True,False,False,0,0
2024-09-27,3677.94,1,0,1,Sunny with Music,Friday,September,True,False,False,False,False,False,False,1,0
2024-09-28,5862.64,1,0,1,Sunny with Music,Saturday,September,False,False,True,False,False,False,False,1,0
2024-09-29,966.98,0,0,0,Other,Sunday,September,False,False,False,True,False,False,False,0,0
2024-09-30,924.79,0,0,1,Sunny without Music,Monday,September,False,True,False,False,False,False,False,0,0
2024-10-01,851.76,0,0,0,Other,Tuesday,October,False,False,False,False,False,True,False,0,0
2024-10-02,577.8,0,0,0,Other,Wednesday,October,False,False,False,False,False,False,True,0,0
2024-10-03,1011.16,0,0,0,Other,Thursday,October,False,False,False,False,True,False,False,0,0
2024-10-04,3493.41,1,0,0,Other,Friday,October,True,False,False,False,False,False,False,0,0
2024-10-05,15411.109999999999,1,0,1,Sunny with Music,Saturday,October,False,False,True,False,False,False,False,1,0
2024-10-06,1794.44,0,0,1,Sunny without Music,Sunday,October,False,False,False,True,False,False,False,0,0
2024-10-07,999.0,0,0,0,Other,Monday,October,False,True,False,False,False,False,False,0,0
2024-10-08,1109.97,0,0,1,Sunny without Music,Tuesday,October,False,False,False,False,False,True,False,0,0
2024-10-09,754.79,0,0,0,Other,Wednesday,October,False,False,False,False,False,False,True,0,0
2024-10-10,1061.05,0,0,1,Sunny without Music,Thursday,October,False,False,False,False,True,False,False,0,0
2024-10-11,4375.65,1,0,1,Sunny with Music,Friday,October,True,False,False,False,False,False,False,1,0
2024-10-12,9445.19,0,0,1,Sunny without Music,Saturday,October,False,False,True,False,False,False,False,0,0
2024-10-13,6212.37,0,0,1,Sunny without Music,Sunday,October,False,False,False,True,False,False,False,0,0
2024-10-14,839.96,0,0,1,Sunny without Music,Monday,October,False,True,False,False,False,False,False,0,0
2024-10-15,1325.51,0,0,0,Other,Tuesday,October,False,False,False,False,False,True,False,0,0
2024-10-16,784.76,0,0,1,Sunny without Music,Wednesday,October,False,False,False,False,False,False,True,0,0
2024-10-17,1400.04,0,0,1,Sunny without Music,Thursday,October,False,False,False,False,True,False,False,0,0
2024-10-18,3119.37,1,0,1,Sunny with Music,Friday,October,True,False,False,False,False,False,False,1,0
2024-10-19,5672.5599999999995,1,0,1,Sunny with Music,Saturday,October,False,False,True,False,False,False,False,1,0
2024-10-20,1858.52,0,0,1,Sunny without Music,Sunday,October,False,False,False,True,False,False,False,0,0
2024-10-21,348.87,0,0,1,Sunny without Music,Monday,October,False,True,False,False,False,False,False,0,0
2024-10-22,721.16,0,0,1,Sunny without Music,Tuesday,October,False,False,False,False,False,True,False,0,0
2024-10-23,515.85,0,0,0,Other,Wednesday,October,False,False,False,False,False,False,True,0,0
2024-10-24,489.45,0,0,0,Other,Thursday,October,False,False,False,False,True,False,False,0,0
2024-10-25,3368.38,1,0,1,Sunny with Music,Friday,October,True,False,False,False,False,False,False,1,0
2024-10-26,6114.7,0,0,1,Sunny without Music,Saturday,October,False,False,True,False,False,False,False,0,0
2024-10-27,635.14,0,0,1,Sunny without Music,Sunday,October,False,False,False,True,False,False,False,0,0
2024-10-28,486.3,0,0,1,Sunny without Music,Monday,October,False,True,False,False,False,False,False,0,0
2024-10-29,1504.3,0,0,0,Other,Tuesday,October,False,False,False,False,False,True,False,0,0
2024-10-30,475.37,0,0,0,Other,Wednesday,October,False,False,False,False,False,False,True,0,0
2024-10-31,3331.23,0,0,1,Sunny without Music,Thursday,October,False,False,False,False,True,False,False,0,0
2024-11-01,777.27,0,0,1,Sunny without Music,Friday,November,True,False,False,False,False,False,False,0,0
2024-11-02,2836.93,1,0,1,Sunny with Music,Saturday,November,False,False,True,False,False,False,False,1,0
2024-11-03,2883.26,1,0,1,Sunny with Music,Sunday,November,False,False,False,True,False,False,False,1,0
2024-11-04,306.24,0,0,0,Other,Monday,November,False,True,False,False,False,False,False,0,0
2024-11-05,472.67,0,0,1,Sunny without Music,Tuesday,November,False,False,False,False,False,True,False,0,0
2024-11-06,870.26,0,0,0,Other,Wednesday,November,False,False,False,False,False,False,True,0,0
2024-11-07,351.58,0,0,1,Sunny without Music,Thursday,November,False,False,False,False,True,False,False,0,0
2024-11-08,4527.24,1,0,1,Sunny with Music,Friday,November,True,False,False,False,False,False,False,1,0
2024-11-09,6395.79,1,0,1,Sunny with Music,Saturday,November,False,False,True,False,False,False,False,1,0
